{"metrics":{"dataset":{"name":"FD001","seq_len":30,"n_features":14,"sensors":["sensor_2","sensor_3","sensor_4","sensor_7","sensor_8","sensor_9","sensor_11","sensor_12","sensor_13","sensor_14","sensor_15","sensor_17","sensor_20","sensor_21"],"healthy_cutoff":100,"anomaly_cutoff":30,"n_train_windows":5032,"n_val_windows":708,"n_test_windows":3913,"n_test_anomalies":620,"anomaly_fraction":0.15844620495783288},"training":{"epochs":80,"final_train_loss":0.4473824629912505,"final_val_loss":0.45552102977273157,"n_params":44510},"evaluation":{"threshold":0.5514815449714661,"quantile":0.99,"precision":0.6083769633507854,"recall":0.9370967741935484,"f1":0.7377777777777778,"accuracy":0.8944543828264758,"roc_auc":0.9687538571554519,"pr_auc":0.882280904915824,"confusion":{"tn":2919,"fp":374,"fn":39,"tp":581},"err_healthy_train_mean":0.4473821520805359,"err_healthy_val_mean":0.45552098751068115,"err_test_healthy_mean":0.5315672159194946,"err_test_anomalous_mean":3.306241273880005}},"loss":{"epoch":[1,2,3,4,5,6,7,8,9,10,11,12,13,14,15,16,17,18,19,20,21,22,23,24,25,26,27,28,29,30,31,32,33,34,35,36,37,38,39,40,41,42,43,44,45,46,47,48,49,50,51,52,53,54,55,56,57,58,59,60,61,62,63,64,65,66,67,68,69,70,71,72,73,74,75,76,77,78,79,80],"train":[0.78314,0.560192,0.525927,0.48073,0.465461,0.460945,0.458772,0.457415,0.456277,0.455491,0.454855,0.454795,0.454142,0.453889,0.453723,0.453351,0.453334,0.453124,0.453009,0.452817,0.452708,0.45258,0.452512,0.452572,0.452591,0.452229,0.452086,0.451944,0.451816,0.451764,0.451625,0.451563,0.451446,0.451223,0.451073,0.450903,0.450738,0.450573,0.450479,0.450277,0.450137,0.449983,0.449865,0.449779,0.449661,0.449392,0.449219,0.449162,0.448998,0.448863,0.448833,0.448656,0.448525,0.448437,0.448354,0.448275,0.448199,0.448115,0.448049,0.447947,0.4479,0.447837,0.447782,0.447722,0.447666,0.447634,0.44758,0.447546,0.447512,0.447488,0.447462,0.447443,0.447428,0.447414,0.447404,0.447396,0.44739,0.447386,0.447383,0.447382],"val":[0.642057,0.582064,0.541574,0.485781,0.472191,0.465993,0.463742,0.46254,0.460985,0.460451,0.461227,0.459475,0.45889,0.4592,0.458358,0.458694,0.458226,0.458044,0.458027,0.457968,0.45808,0.457941,0.458097,0.458691,0.458073,0.458122,0.457867,0.458749,0.458149,0.458021,0.458244,0.458573,0.457748,0.457413,0.457475,0.457122,0.457728,0.45749,0.457416,0.45724,0.457033,0.456839,0.456588,0.456736,0.456531,0.456473,0.456708,0.456761,0.4564,0.456101,0.456351,0.456634,0.456317,0.456192,0.456305,0.456147,0.455861,0.455908,0.455806,0.455872,0.455924,0.455773,0.455664,0.455529,0.455642,0.455595,0.455593,0.455586,0.455664,0.455522,0.455573,0.455573,0.455501,0.455525,0.455534,0.455538,0.455534,0.455521,0.455521,0.455521]},"histograms":{"healthy":{"centers":[0.3833,0.40901,0.43472,0.46043,0.48614,0.51185,0.53756,0.56327,0.58897,0.61468,0.64039,0.6661,0.69181,0.71752,0.74323,0.76894,0.79465,0.82036,0.84607,0.87178,0.89749,0.92319,0.9489,0.97461,1.00032,1.02603,1.05174,1.07745,1.10316,1.12887,1.15458,1.18029,1.206,1.23171,1.25741,1.28312,1.30883,1.33454,1.36025,1.38596,1.41167,1.43738,1.46309,1.4888,1.51451,1.54022,1.56593,1.59163,1.61734,1.64305,1.66876,1.69447,1.72018,1.74589,1.7716,1.79731,1.82302,1.84873,1.87444,1.90015],"counts":[49,300,738,847,603,278,101,28,21,19,24,14,13,10,12,13,12,11,9,13,5,7,5,8,8,6,4,5,5,4,4,3,5,4,4,5,3,3,4,4,5,4,2,3,6,5,5,0,1,1,4,1,2,1,2,2,2,0,0,3],"vmin":0.37045,"vmax":1.913},"anomalous":{"centers":[0.59029,0.84439,1.09849,1.35259,1.60669,1.86079,2.11489,2.36899,2.62309,2.87719,3.13129,3.38539,3.63949,3.89359,4.14769,4.40179,4.65589,4.90999,5.16409,5.41819,5.67229,5.92638,6.18048,6.43458,6.68868,6.94278,7.19688,7.45098,7.70508,7.95918,8.21328,8.46738,8.72148,8.97558,9.22968,9.48378,9.73788,9.99198,10.24608,10.50018,10.75428,11.00838,11.26248,11.51658,11.77068,12.02478,12.27888,12.53298,12.78708,13.04118,13.29528,13.54938,13.80348,14.05758,14.31168,14.56578,14.81988,15.07398,15.32808,15.58218],"counts":[82,35,35,30,34,37,35,30,31,24,23,20,22,19,16,12,15,13,6,7,6,5,6,4,6,2,6,3,2,4,4,3,3,2,4,2,2,3,2,2,4,1,0,3,0,0,2,1,0,1,0,1,0,1,0,0,2,0,0,0],"vmin":0.46324,"vmax":15.70923},"threshold":0.5514815449714661},"roc":{"fpr":[0.0,0.0,0.0,0.0,0.0,0.0,0.0,0.0,0.0,0.0,0.0003,0.00091,0.00121,0.00182,0.00273,0.00364,0.00486,0.00547,0.00638,0.00759,0.0085,0.00941,0.01063,0.01184,0.01397,0.01549,0.01883,0.02186,0.0252,0.02885,0.03128,0.03492,0.03796,0.0416,0.04494,0.0492,0.05254,0.05709,0.06073,0.06529,0.06985,0.0741,0.07804,0.0823,0.08655,0.0911,0.09566,0.10021,0.10446,0.10932,0.11266,0.11722,0.12208,0.12724,0.1321,0.13787,0.14364,0.1491,0.15457,0.16034,0.16611,0.17158,0.17643,0.1819,0.18676,0.19253,0.1983,0.20407,0.20923,0.215,0.22047,0.22624,0.2317,0.23717,0.24294,0.24871,0.25448,0.25995,0.26572,0.27148,0.27725,0.28302,0.28879,0.29456,0.30064,0.30641,0.31218,0.31734,0.32311,0.32858,0.33435,0.34012,0.34589,0.35135,0.35712,0.36259,0.36775,0.37322,0.37899,0.38476,0.39053,0.3963,0.40206,0.40783,0.41269,0.41846,0.42393,0.4297,0.43547,0.44124,0.44701,0.45278,0.45855,0.46432,0.47009,0.47586,0.48163,0.4874,0.49317,0.49894,0.50471,0.51017,0.51594,0.52171,0.52748,0.53325,0.53902,0.54479,0.55056,0.55633,0.5621,0.56787,0.57364,0.57941,0.58518,0.59095,0.59672,0.60249,0.60826,0.61403,0.6198,0.62557,0.63134,0.63711,0.64288,0.64865,0.65442,0.66019,0.66596,0.67173,0.6775,0.68327,0.68904,0.69481,0.70058,0.70635,0.71212,0.71789,0.72366,0.72943,0.7352,0.74097,0.74674,0.75251,0.75828,0.76404,0.76981,0.77558,0.78135,0.78712,0.79289,0.79866,0.80443,0.8102,0.81597,0.82174,0.82751,0.83328,0.83905,0.84482,0.85059,0.85636,0.86213,0.8679,0.87367,0.87944,0.88521,0.89098,0.89675,0.90252,0.90829,0.91406,0.91983,0.9256,0.93137,0.93714,0.94291,0.94868,0.95445,0.96022,0.96599,0.97176,0.97753,0.9833,0.98907,0.99484],"tpr":[0.0,0.03065,0.06129,0.09194,0.12258,0.15323,0.18387,0.21452,0.24516,0.27581,0.30484,0.33226,0.36129,0.38871,0.41452,0.44032,0.46452,0.49194,0.51774,0.54194,0.56774,0.59355,0.61774,0.64194,0.66129,0.68387,0.69677,0.71129,0.72419,0.73548,0.75323,0.76452,0.77903,0.79032,0.80323,0.81129,0.82419,0.83065,0.84194,0.84839,0.85484,0.8629,0.87258,0.88065,0.88871,0.89516,0.90161,0.90806,0.91613,0.92097,0.93387,0.94032,0.94516,0.94839,0.95323,0.95323,0.95323,0.95484,0.95645,0.95645,0.95645,0.95806,0.9629,0.96452,0.96935,0.96935,0.96935,0.96935,0.97258,0.97258,0.97419,0.97419,0.97581,0.97742,0.97742,0.97742,0.97742,0.97903,0.97903,0.97903,0.97903,0.97903,0.97903,0.97903,0.97903,0.97903,0.97903,0.98226,0.98226,0.98387,0.98387,0.98387,0.98387,0.98548,0.98548,0.9871,0.99032,0.99194,0.99194,0.99194,0.99194,0.99194,0.99194,0.99194,0.99677,0.99677,0.99839,0.99839,0.99839,0.99839,0.99839,0.99839,0.99839,0.99839,0.99839,0.99839,0.99839,0.99839,0.99839,0.99839,0.99839,1.0,1.0,1.0,1.0,1.0,1.0,1.0,1.0,1.0,1.0,1.0,1.0,1.0,1.0,1.0,1.0,1.0,1.0,1.0,1.0,1.0,1.0,1.0,1.0,1.0,1.0,1.0,1.0,1.0,1.0,1.0,1.0,1.0,1.0,1.0,1.0,1.0,1.0,1.0,1.0,1.0,1.0,1.0,1.0,1.0,1.0,1.0,1.0,1.0,1.0,1.0,1.0,1.0,1.0,1.0,1.0,1.0,1.0,1.0,1.0,1.0,1.0,1.0,1.0,1.0,1.0,1.0,1.0,1.0,1.0,1.0,1.0,1.0,1.0,1.0,1.0,1.0,1.0,1.0,1.0,1.0,1.0,1.0,1.0,1.0],"auc":0.9687538571554519},